gene	baseMean	log2FoldChange	lfcSE	stat	pvalue	padj
ENSG00000160191	76914.90598883854	3.071472456750697	0.1549709020691356	19.819672052889334	2.0141694278304185e-87	4.6124479897316584e-85
ENSG00000154734	22858.459198177643	3.441427149458694	0.1792125023185848	19.203052827982354	3.4896602440325184e-82	3.995660979417234e-80
ENSG00000154723	7342.064530596816	2.5817793779281972	0.16367524326641422	15.77379282538065	4.713234672255569e-56	3.597769133155084e-54
ENSG00000180509	30221.589541488967	2.9432831759052607	0.1997857995327066	14.732194093822073	4.0048896543208025e-49	2.2927993270986593e-47
ENSG00000183145	9990.720616948825	2.890420213621454	0.24856353373382728	11.628496627009827	2.9525159465006532e-31	1.352252303497299e-29
ENSG00000276289	11796.971131236274	2.859964092959891	0.4653988703737608	6.145189159275484	7.98682761946413e-10	3.048305874762143e-8
ENSG00000277277	724.4972580975741	0.928091966611554	0.2641734460606181	3.5131917323688584	4.4275785350544276e-4	0.014484506921820914
ENSG00000141959	16452.82789761961	2.6077976536600924	0.8311987025969084	3.137393797069904	0.0017045701486830744	0.048793320506053006
